file_name,folder,ethnic
232194_1_0.jpg,helen_1,2
1629243_1_0.jpg,helen_1,2
1691766_1_0.jpg,helen_1,0
288344083_1_0.jpg,helen_1,1
301384259_1_0.jpg,helen_1,2
100032540_1_0.jpg,helen_1,2
100040721_1_0.jpg,helen_1,2
100040721_2_0.jpg,helen_1,2
1002681492_1_0.jpg,helen_1,2
1004467229_1_0.jpg,helen_1,2
100466187_1_0.jpg,helen_1,2
100843687_1_0.jpg,helen_1,1
1010057391_1_0.jpg,helen_1,4
1012675629_1_0.jpg,helen_1,4
1012675629_2_0.jpg,helen_1,2
1018882799_1_0.jpg,helen_1,1
1021890651_1_0.jpg,helen_1,2
103236168_1_0.jpg,helen_1,2
103236168_2_0.jpg,helen_1,2
1033312112_1_0.jpg,helen_1,2
1033312288_1_0.jpg,helen_1,2
103887554_1_0.jpg,helen_1,2
10405146_1_0.jpg,helen_1,2
10405299_1_0.jpg,helen_1,2
10405424_1_0.jpg,helen_1,2
10406776_1_0.jpg,helen_1,2
10407038_1_0.jpg,helen_1,2
104074861_1_0.jpg,helen_1,2
1045887134_1_0.jpg,helen_1,2
1045887134_1_1.jpg,helen_1,4
1045890692_1_0.jpg,helen_1,4
1050957686_1_0.jpg,helen_1,2
1050957686_2_0.jpg,helen_1,1
105300174_1_0.jpg,helen_1,4
105300174_1_1.jpg,helen_1,4
105300174_2_0.jpg,helen_1,4
105455387_1_0.jpg,helen_1,4
106326063_1_0.jpg,helen_1,2
106348540_1_0.jpg,helen_1,0
106393487_1_0.jpg,helen_1,1
10697993_1_0.jpg,helen_1,2
1070861406_1_0.jpg,helen_1,1
107288942_1_0.jpg,helen_1,0
107635070_1_0.jpg,helen_1,2
1079156334_1_0.jpg,helen_1,2
108349477_1_0.jpg,helen_1,2
1084919955_1_0.jpg,helen_1,2
109209934_1_0.jpg,helen_1,1
1092587063_1_0.jpg,helen_1,2
110520830_5_0.jpg,helen_1,0
110520830_5_1.jpg,helen_1,2
110520830_6_0.jpg,helen_1,2
110592002_1_0.jpg,helen_1,2
110890106_1_0.jpg,helen_1,2
110890106_1_1.jpg,helen_1,4
1110051647_1_0.jpg,helen_1,2
1110051647_2_0.jpg,helen_1,1
1111575413_1_0.jpg,helen_1,2
111168419_1_0.jpg,helen_1,4
1112052992_1_0.jpg,helen_1,2
111247636_1_0.jpg,helen_1,2
111287440_1_0.jpg,helen_1,2
111510095_1_0.jpg,helen_1,2
1115234911_1_0.jpg,helen_1,1
111714273_1_0.jpg,helen_1,2
111835766_1_0.jpg,helen_1,0
111835766_1_1.jpg,helen_1,0
111836119_1_0.jpg,helen_1,0
112117768_1_0.jpg,helen_1,4
1037255513_1_0.jpg,helen_1,4
105538305_1_0.jpg,helen_1,4
110886318_1_0.jpg,helen_1,2
1125456779_1_0.jpg,helen_1,2
1163855977_1_0.jpg,helen_1,1
1207566864_1_0.jpg,helen_1,2
1234292822_1_0.jpg,helen_1,2
1266283652_1_0.jpg,helen_1,4
1281789661_1_1.jpg,helen_1,4
13601448_1_0.jpg,helen_1,0
146978430_1_0.jpg,helen_1,2
153057847_1_0.jpg,helen_1,4
164260909_1_0.jpg,helen_1,2
170803072_1_1.jpg,helen_1,4
173808384_2_0.jpg,helen_1,2
188293705_1_0.jpg,helen_1,2
203328057_1_0.jpg,helen_1,2
212515669_1_0.jpg,helen_1,2
214778625_1_0.jpg,helen_1,4
221278406_1_0.jpg,helen_1,2
232194_1_0.jpg,helen_1,2
240281904_3_0.jpg,helen_1,2
250246725_1_0.jpg,helen_1,2
268284860_1_0.jpg,helen_1,4
276753589_1_0.jpg,helen_1,1
280470249_1_0.jpg,helen_1,2
288344083_2_1.jpg,helen_1,4
296814969_2_0.jpg,helen_1,1
302148352_1_0.jpg,helen_1,2
112655203_1_0.jpg,helen_1,2
1128654081_1_0.jpg,helen_1,2
11329920_1_0.jpg,helen_1,4
1142136696_1_0.jpg,helen_1,2
114226877_1_0.jpg,helen_1,2
1144216773_1_0.jpg,helen_1,2
114487865_1_0.jpg,helen_1,2
114501272_1_0.jpg,helen_1,2
114501272_1_1.jpg,helen_1,4
114530171_1_0.jpg,helen_1,2
1150779944_1_0.jpg,helen_1,2
11564757_1_0.jpg,helen_1,2
11564757_2_0.jpg,helen_1,1
11564757_2_1.jpg,helen_1,4
115774957_1_0.jpg,helen_1,2
1160859039_1_0.jpg,helen_1,2
1165647416_1_0.jpg,helen_1,2
1166270350_1_0.jpg,helen_1,2
117402372_1_0.jpg,helen_1,1
117518507_1_0.jpg,helen_1,2
117634057_1_0.jpg,helen_1,1
117932364_1_0.jpg,helen_1,2
1181568002_1_0.jpg,helen_1,2
118554337_1_0.jpg,helen_1,2
118736691_1_0.jpg,helen_1,2
118736733_1_0.jpg,helen_1,4
118736733_2_0.jpg,helen_1,2
118737215_1_0.jpg,helen_1,2
1188369899_1_0.jpg,helen_1,2
1195037433_1_0.jpg,helen_1,1
1198061571_1_0.jpg,helen_1,2
1199742157_1_0.jpg,helen_1,2
1207662328_2_0.jpg,helen_1,2
1207662328_2_1.jpg,helen_1,4
120801881_1_0.jpg,helen_1,2
1208068331_1_0.jpg,helen_1,4
1212934783_1_0.jpg,helen_1,2
121442928_1_0.jpg,helen_1,4
121442928_1_1.jpg,helen_1,1
121720434_1_0.jpg,helen_1,2
1218567979_2_0.jpg,helen_1,2
1218567979_2_1.jpg,helen_1,2
1218567979_3_0.jpg,helen_1,2
1220825867_1_0.jpg,helen_1,2
122276700_1_0.jpg,helen_1,2
1227072121_1_0.jpg,helen_1,2
122942927_1_0.jpg,helen_1,0
1233476865_1_0.jpg,helen_1,2
1234292822_1_1.jpg,helen_1,4
1238081332_1_0.jpg,helen_1,2
1238488784_1_0.jpg,helen_1,1
1240101737_1_0.jpg,helen_1,4
1240746154_1_0.jpg,helen_1,2
1242475639_1_0.jpg,helen_1,1
12425820_1_0.jpg,helen_1,2
12425820_1_1.jpg,helen_1,1
124399360_1_0.jpg,helen_1,2
124787194_1_0.jpg,helen_1,0
1252885598_1_0.jpg,helen_1,2
1259817140_1_0.jpg,helen_1,2
126229661_1_0.jpg,helen_1,2
1263447841_1_0.jpg,helen_1,2
1265948983_1_0.jpg,helen_1,0
1265969136_1_0.jpg,helen_1,0
1266283652_1_1.jpg,helen_1,4
1266283652_2_0.jpg,helen_1,2
126968967_1_0.jpg,helen_1,2
1269816217_1_0.jpg,helen_1,2
1269874180_1_0.jpg,helen_1,2
1270609209_1_0.jpg,helen_1,1
1270609209_1_1.jpg,helen_1,1
1270798682_2_0.jpg,helen_1,2
1271089376_1_0.jpg,helen_1,2
1271089376_1_1.jpg,helen_1,2
1271089376_2_0.jpg,helen_1,2
1271089376_2_1.jpg,helen_1,2
127567332_1_0.jpg,helen_1,0
127627778_1_0.jpg,helen_1,1
1279298224_1_0.jpg,helen_1,2
1281789661_1_0.jpg,helen_1,4
1281789661_1_2.jpg,helen_1,4
128244378_1_0.jpg,helen_1,2
129408727_1_0.jpg,helen_1,2
129408727_1_1.jpg,helen_1,2
129594949_1_0.jpg,helen_1,2
129647068_1_0.jpg,helen_1,4
130361594_1_0.jpg,helen_1,2
130625688_1_0.jpg,helen_1,1
130927718_1_0.jpg,helen_1,2
131787989_1_0.jpg,helen_1,1
131853693_1_0.jpg,helen_1,2
133275383_1_0.jpg,helen_1,2
133275413_1_0.jpg,helen_1,2
134979550_1_0.jpg,helen_1,2
135246139_1_0.jpg,helen_1,2
13601258_1_0.jpg,helen_1,0
13601661_1_0.jpg,helen_1,0
13602254_1_0.jpg,helen_1,0
13653802_1_0.jpg,helen_1,1
137346980_1_0.jpg,helen_1,2
13789611_1_0.jpg,helen_1,0
13970241_1_0.jpg,helen_1,2
140606432_1_0.jpg,helen_1,2
142661608_1_0.jpg,helen_1,2
143196796_1_0.jpg,helen_1,2
143588896_1_0.jpg,helen_1,4
143950153_1_0.jpg,helen_1,0
14403172_1_0.jpg,helen_1,2
14403172_1_1.jpg,helen_1,4
145548320_1_0.jpg,helen_1,4
146623854_1_0.jpg,helen_1,2
146827737_1_0.jpg,helen_1,0
146978430_2_0.jpg,helen_1,2
147110327_1_0.jpg,helen_1,2
147110327_1_1.jpg,helen_1,4
147226455_1_0.jpg,helen_1,2
148348993_1_0.jpg,helen_1,0
148351850_1_0.jpg,helen_1,2
149162488_1_0.jpg,helen_1,2
149773224_1_0.jpg,helen_1,0
149773224_1_1.jpg,helen_1,4
150324675_1_0.jpg,helen_1,1
150557677_1_0.jpg,helen_1,2
150766294_1_0.jpg,helen_1,1
150766294_2_0.jpg,helen_1,2
151902153_1_0.jpg,helen_1,1
151905797_1_0.jpg,helen_1,1
151906456_1_0.jpg,helen_1,1
15451707_1_0.jpg,helen_1,0
15451707_1_1.jpg,helen_1,4
154598717_1_0.jpg,helen_1,1
154598718_1_0.jpg,helen_1,1
155093594_1_0.jpg,helen_1,2
155271502_1_0.jpg,helen_1,2
155271502_1_1.jpg,helen_1,4
155338254_1_0.jpg,helen_1,2
155393981_1_0.jpg,helen_1,2
158249995_1_0.jpg,helen_1,2
160529391_1_0.jpg,helen_1,0
160529391_1_1.jpg,helen_1,4
160565613_2_0.jpg,helen_1,2
161795809_1_0.jpg,helen_1,2
1629243_1_0.jpg,helen_1,2
16422719_1_0.jpg,helen_1,2
164403300_1_0.jpg,helen_1,4
164866565_1_0.jpg,helen_1,2
16542667_1_0.jpg,helen_1,2
16547388_1_0.jpg,helen_1,2
166033328_1_0.jpg,helen_1,2
166874039_1_0.jpg,helen_1,1
166874696_1_0.jpg,helen_1,1
166874696_1_1.jpg,helen_1,4
167604947_1_0.jpg,helen_1,0
167671232_1_0.jpg,helen_1,2
1691766_1_0.jpg,helen_1,0
169346774_1_0.jpg,helen_1,1
169346774_2_0.jpg,helen_1,1
169598954_1_0.jpg,helen_1,0
170508172_1_0.jpg,helen_1,2
170803072_1_0.jpg,helen_1,2
171198578_2_0.jpg,helen_1,0
171907511_1_0.jpg,helen_1,2
171907511_2_0.jpg,helen_1,2
171907511_2_1.jpg,helen_1,2
17192052_1_0.jpg,helen_1,2
172183000_1_0.jpg,helen_1,2
172375929_1_0.jpg,helen_1,2
172972325_1_0.jpg,helen_1,0
173153701_2_0.jpg,helen_1,0
173153769_1_0.jpg,helen_1,0
173153923_2_0.jpg,helen_1,4
17349955_1_0.jpg,helen_1,2
17349955_1_1.jpg,helen_1,4
173744986_1_0.jpg,helen_1,2
173744986_2_0.jpg,helen_1,2
173808384_1_0.jpg,helen_1,2
17464842_1_0.jpg,helen_1,2
175991309_2_0.jpg,helen_1,2
178046512_1_0.jpg,helen_1,2
178046512_1_1.jpg,helen_1,4
178428696_1_0.jpg,helen_1,2
179820698_1_0.jpg,helen_1,2
180986261_1_0.jpg,helen_1,1
181707205_1_0.jpg,helen_1,2
181839385_1_0.jpg,helen_1,1
182573594_1_0.jpg,helen_1,2
182573594_1_1.jpg,helen_1,4
182804431_1_0.jpg,helen_1,2
183204955_1_0.jpg,helen_1,2
185377791_1_0.jpg,helen_1,2
185577937_1_0.jpg,helen_1,0
186403955_1_0.jpg,helen_1,1
190620212_1_0.jpg,helen_1,2
191895648_1_0.jpg,helen_1,4
193929298_1_0.jpg,helen_1,1
194136419_1_0.jpg,helen_1,0
194574878_1_0.jpg,helen_1,1
194833666_1_0.jpg,helen_1,2
19618587_1_0.jpg,helen_1,1
198386414_1_0.jpg,helen_1,4
199718034_1_0.jpg,helen_1,2
200506188_1_0.jpg,helen_1,2
200748267_1_0.jpg,helen_1,1
201678202_1_0.jpg,helen_1,2
202516196_1_0.jpg,helen_1,2
20301003_1_0.jpg,helen_1,4
20315024_1_0.jpg,helen_1,0
20315024_2_0.jpg,helen_1,0
206273130_1_0.jpg,helen_1,2
206283602_2_0.jpg,helen_1,0
206413799_1_0.jpg,helen_1,0
206413799_1_1.jpg,helen_1,4
206448817_1_0.jpg,helen_1,2
206448817_1_1.jpg,helen_1,4
206905865_1_0.jpg,helen_1,2
206905865_1_1.jpg,helen_1,4
206906451_1_0.jpg,helen_1,1
206907279_1_0.jpg,helen_1,2
208796082_1_0.jpg,helen_1,1
209833308_1_0.jpg,helen_1,2
210422851_1_0.jpg,helen_1,1
211373432_1_0.jpg,helen_1,2
21161074_1_0.jpg,helen_1,2
212409770_1_0.jpg,helen_1,0
212515672_1_0.jpg,helen_1,1
212960843_1_0.jpg,helen_1,2
213033315_1_0.jpg,helen_1,1
213033315_1_1.jpg,helen_1,4
213033657_1_0.jpg,helen_1,1
213033657_1_1.jpg,helen_1,4
213034581_1_0.jpg,helen_1,1
213034581_1_1.jpg,helen_1,4
213034733_1_0.jpg,helen_1,1
213440091_1_0.jpg,helen_1,2
213442073_1_0.jpg,helen_1,2
213643624_2_0.jpg,helen_1,0
213643624_2_1.jpg,helen_1,4
213729601_1_0.jpg,helen_1,2
214426541_2_0.jpg,helen_1,2
214426541_2_1.jpg,helen_1,2
21582960_1_0.jpg,helen_1,2
216195276_1_0.jpg,helen_1,2
21705205_1_0.jpg,helen_1,0
21710996_1_0.jpg,helen_1,0
218904413_1_0.jpg,helen_1,2
218904413_1_1.jpg,helen_1,4
218904413_2_0.jpg,helen_1,2
218904494_1_0.jpg,helen_1,2
218904494_1_1.jpg,helen_1,4
219669940_1_0.jpg,helen_1,0
219709038_1_0.jpg,helen_1,2
221068652_2_0.jpg,helen_1,0
221068652_3_0.jpg,helen_1,0
221174143_1_0.jpg,helen_1,2
221238636_1_0.jpg,helen_1,0
221272641_1_0.jpg,helen_1,0
221629697_1_0.jpg,helen_1,2
224036417_1_0.jpg,helen_1,2
224036417_1_1.jpg,helen_1,2
224036417_2_0.jpg,helen_1,1
224690170_1_0.jpg,helen_1,2
224905605_1_0.jpg,helen_1,2
227943776_1_0.jpg,helen_1,2
22864555_1_0.jpg,helen_1,2
228950047_1_0.jpg,helen_1,2
22920624_1_0.jpg,helen_1,2
230131544_1_0.jpg,helen_1,2
230420772_1_0.jpg,helen_1,1
230499681_1_0.jpg,helen_1,2
230499681_1_1.jpg,helen_1,4
230501201_1_0.jpg,helen_1,2
231292975_1_0.jpg,helen_1,2
232329021_1_0.jpg,helen_1,2
232750395_1_0.jpg,helen_1,2
232758871_1_0.jpg,helen_1,4
233470867_1_0.jpg,helen_1,2
235551382_1_0.jpg,helen_1,2
236505163_1_0.jpg,helen_1,2
236817064_1_0.jpg,helen_1,2
236942402_1_0.jpg,helen_1,4
237212549_1_0.jpg,helen_1,2
23739492_1_0.jpg,helen_1,2
237609288_1_0.jpg,helen_1,0
237609290_1_0.jpg,helen_1,0
238277879_1_0.jpg,helen_1,2
240281904_1_0.jpg,helen_1,2
240281904_2_0.jpg,helen_1,2
240281904_2_1.jpg,helen_1,2
240281904_3_1.jpg,helen_1,4
240281904_3_2.jpg,helen_1,4
241618266_1_0.jpg,helen_1,2
243214217_1_0.jpg,helen_1,1
243232372_1_0.jpg,helen_1,1
243232376_1_0.jpg,helen_1,1
243761838_1_0.jpg,helen_1,2
245873250_1_0.jpg,helen_1,1
24729177_1_0.jpg,helen_1,2
248228146_1_0.jpg,helen_1,2
248255433_1_0.jpg,helen_1,2
248684423_1_0.jpg,helen_1,4
249852286_1_0.jpg,helen_1,0
249852286_2_0.jpg,helen_1,0
249871116_1_0.jpg,helen_1,4
249871116_1_1.jpg,helen_1,2
251544505_1_0.jpg,helen_1,4
252976245_1_0.jpg,helen_1,2
254040505_1_0.jpg,helen_1,1
258914311_1_0.jpg,helen_1,2
260290844_1_0.jpg,helen_1,2
260290849_1_0.jpg,helen_1,2
26041966_1_0.jpg,helen_1,0
26041966_2_0.jpg,helen_1,2
26041966_2_1.jpg,helen_1,0
262545392_1_0.jpg,helen_1,2
262545511_1_0.jpg,helen_1,2
263567973_1_0.jpg,helen_1,1
265196793_1_0.jpg,helen_1,2
266036271_1_0.jpg,helen_1,1
26605529_1_0.jpg,helen_1,2
26638112_1_0.jpg,helen_1,2
268625316_1_0.jpg,helen_1,2
268628556_1_0.jpg,helen_1,2
269968666_1_0.jpg,helen_1,2
271207560_1_0.jpg,helen_1,2
271207626_1_0.jpg,helen_1,0
271207685_1_0.jpg,helen_1,2
271207741_1_0.jpg,helen_1,0
271580597_1_0.jpg,helen_1,2
273476938_1_0.jpg,helen_1,2
27409477_1_0.jpg,helen_1,2
